"","nr","X14.00","X15.00","X16.00","X16.1.iso.17.0","cis.9.16.1","X17.00","X17.1.16.2","X18.00","cis.9.18.1","cis.11.18.1","X18.2n.6","X20.00","X18.3n.3","X20.01","X18.4n.3","X20.3n.6","X22.00","X20.4n.6","X20.4n.3","X20.5n.3","X24.01.00","X22.5n.6","X22.5n.3","X22.6n.3"
"1",161,2.952,0.559,24.034,0.607,4.083,0.614,0.399,6.546,17.207,3.987,0.952,0.244,0.57,1.31,0.276,0.19,0.064,3.108,2.49,7.091,1.946,0.532,2.933,16.861
"2",164,2.802,0.476,23.652,0.644,4.086,0.562,0.347,6.378,17.104,4.287,0.864,0.216,0.678,1.426,0.287,0.157,0.087,2.729,2.898,6.467,2.27,0.28,3.154,17.461
"3",157,1.08,0.343,23.174,0.463,2.482,0.446,0.224,7.773,12.688,2.772,0.717,0.282,0.359,0.748,0.102,0.152,0.152,4.182,1.913,8.134,3.053,0.527,3.664,23.645
"4",191,1.166,0.394,21.627,0.42,2.692,0.768,0.356,8.778,13.644,3.199,0.865,0.397,0.267,0.895,0.084,0.084,0.091,5.787,1.43,7.187,3.514,0.698,2.861,22.522
"5",214,1.2,0.442,21.864,0.644,2.631,0.671,0.408,8.189,13.283,3.408,0.726,0.371,0.394,0.701,0.143,0.198,0.146,4.108,1.758,8.667,3.694,0.43,3.278,22.279
"6",225,1.058,0.451,20.255,0.821,2.528,0.757,0.371,8.73,11.764,4.37,0.846,0.303,0.219,0.547,0.096,0.277,0.175,4.514,1.599,10.633,3.338,0.591,3.464,21.54
"7",227,2.525,0.416,22.94,0.561,6.029,0.495,0.566,7.398,13.777,4.278,1.156,0.267,0.596,1.009,0.213,0.193,0.059,2.3,1.644,8.629,2.259,0.455,4.252,17.602
"8",169,1.914,0.443,23.476,0.604,2.985,0.487,0.337,7.39,14.503,4.153,0.8,0.235,0.439,1.041,0.144,0.159,0.106,2.769,2.133,8.082,2.599,0.432,4.006,20.433
"9",186,2.043,0.408,23.293,0.582,4.088,0.519,0.322,6.983,15.955,4.09,0.871,0.27,0.587,1.13,0.227,0.162,0.193,3.375,2.105,7.438,2.478,0.413,3.368,18.423
"10",210,1.692,0.368,22.957,0.576,3.305,0.496,0.504,7.542,15.514,3.945,0.788,0.257,0.507,1.124,0.182,0.187,0.125,2.582,2.33,7.898,2.86,0.451,3.493,19.916
"11",224,1.44,0.349,21.184,0.664,3.498,0.72,0.42,8.077,14.77,4.039,1.036,0.391,0.415,1.193,0.213,0.196,0.172,4,1.801,9,2.871,0.405,3.239,19.126
"12",170,1.43,0.291,22.812,0.527,2.985,0.641,0.297,7.563,14.839,3.41,0.86,0.364,0.354,0.952,0.136,0.141,0.166,3.875,1.905,7.226,2.857,0.467,3.292,22.283
"13",137,1.665,0.431,22.947,0.46,2.881,0.577,0.404,7.559,14.198,3.491,0.883,0.222,0.372,1.052,0.136,0.209,0.099,3.586,2.734,6.92,2.516,0.496,3.228,22.694
"14",111,2.518,0.457,23.759,0.53,4.567,0.504,0.369,6.298,16.479,4.468,0.768,0.271,0.486,1.294,0.189,0.132,0.077,2.813,2.225,8.14,2.062,0.353,3.336,17.398
"15",105,2.071,0.444,23.38,0.53,3.889,0.516,0.319,7.215,15.937,3.915,0.886,0.198,0.551,1.201,0.203,0.138,0.1,2.939,2.276,7.377,2.278,0.4,3.661,19.055
"16",103,2.69,0.501,24.496,0.571,4.35,0.497,0.393,5.799,16.495,4.426,0.771,0.149,0.491,1.396,0.152,0.133,0.094,2.174,2.222,6.603,2.009,0.474,3.948,18.705
"17",23,3.173,0.511,24.366,0.611,4.66,0.462,0.418,5.177,16.793,4.271,0.911,0.164,0.734,1.223,0.342,0.12,0.061,2.237,3.065,6.476,1.683,0.461,3.195,18.43
"18",215,1.612,0.449,22.956,0.642,2.945,0.614,0.327,7.584,13.484,4.134,0.813,0.211,0.322,0.942,0.126,0.132,0.155,3.527,1.706,8.285,2.672,0.506,3.382,21.757
"19",206,1.685,0.394,23.157,0.56,3.217,0.669,0.388,8.206,14.673,4.471,0.863,0.281,0.372,0.914,0.153,0.111,0.128,3.767,1.581,7.919,2.824,0.693,3.287,19.579
"20",195,1.201,0.586,21.994,0.561,2.677,0.813,0.32,8.003,13.871,4.023,0.94,0.337,0.572,1.291,0.134,0.194,0.126,4.348,1.738,8.285,3.073,0.614,3.138,20.886
"21",100,3.257,0.509,23.898,0.677,4.874,0.536,0.49,5.765,19.365,4.331,0.98,0.182,0.864,1.361,0.383,0.144,0.072,2.256,3.074,6.068,1.993,0.312,3.177,14.748
"22",101,1.606,0.49,22.081,0.504,3.392,0.634,0.441,6.993,16.238,3.61,0.747,0.304,0.438,1.287,0.178,0.125,0.193,3.929,2.341,7.441,2.806,0.484,3.465,20.096
"23",104,2.693,0.542,24.6,0.573,4.262,0.564,0.465,6.158,16.997,3.931,0.836,0.203,0.655,1.192,0.257,0.149,0.122,2.821,2.546,6.85,2.217,0.409,3.289,17.217
"24",106,4.026,0.769,24.58,0.919,5.097,0.701,0.682,5.881,16.715,4.516,1.065,0.188,0.64,1.209,0.336,0.167,0.075,2.786,2.645,5.377,1.667,0.612,2.998,15.72
"25",107,3.211,0.523,24.096,0.627,4.102,0.561,0.433,6.185,15.48,3.956,0.957,0.183,0.508,1.258,0.222,0.185,0.076,2.887,2.588,6.731,2.095,0.645,3.443,18.823
"26",108,2.629,0.505,24.084,0.603,3.937,0.508,0.362,6.855,17.367,4.603,1.008,0.279,0.657,1.463,0.218,0.232,0.144,2.803,2.882,6.829,2.48,0.281,2.851,15.986
"27",109,2.077,0.35,24.016,0.529,3.68,0.546,0.367,6.83,16.611,3.883,0.779,0.212,0.367,1.287,0.166,0.17,0.075,3.248,2.282,7.171,3.057,0.397,3.081,18.324
"28",128,2.954,0.571,23.639,0.732,4.449,0.605,0.512,5.926,17.382,4.814,0.873,0.195,0.697,1.23,0.248,0.151,0.104,2.842,2.66,6.146,2.168,0.456,3.316,16.836
"29",130,1.689,0.35,22.404,0.555,3.433,0.619,0.297,7.52,15.539,4.516,0.794,0.275,0.376,1.35,0.125,0.169,0.12,4.715,2.086,6.897,3.076,0.418,3.343,19.177
"30",131,2.365,0.495,23.366,0.491,3.66,0.593,0.467,6.846,15.211,4.088,0.789,0.21,0.44,1.168,0.137,0.223,0.138,3.345,2.284,7.248,2.158,0.515,3.843,19.48
"31",135,2.602,0.504,23.869,0.593,3.301,0.54,0.488,6.505,17.408,4.696,0.8,0.125,0.558,1.362,0.19,0.142,0.078,2.303,2.539,6.762,1.82,0.446,3.661,18.499
"32",139,1.852,0.303,20.455,0.449,3.061,0.416,0.391,5.585,13.543,17.489,0.705,0.154,0.397,0.974,0.146,0.135,0.08,2.329,2.172,6.07,1.833,0.389,3.037,17.537
"33",141,1.125,0.341,21.706,0.438,2.627,0.446,0.317,7.291,14.104,3.066,0.745,0.262,0.345,1.121,0.105,0.183,0.104,4.141,2.073,8.239,3.581,0.4,3.759,23.367
"34",160,1.936,0.48,22.32,0.444,3.217,0.565,0.355,7.763,14.928,3.721,0.756,0.307,0.307,1.144,0.146,0.173,0.192,4.513,1.777,6.632,3.128,0.615,3.089,21.194
"35",162,1.407,0.406,22.148,0.603,2.971,0.656,0.399,7.685,14.681,3.879,0.839,0.319,0.35,1.183,0.069,0.183,0.19,5.044,1.927,7.774,3.355,0.436,3.145,19.449
"36",165,2.432,0.6,23.152,0.69,3.957,0.685,0.548,6.901,16.186,3.547,0.899,0.253,0.437,1.247,0.205,0.254,0.148,3.919,2.21,6.902,2.372,0.739,3.077,17.346
"37",166,2.578,0.507,23.595,0.539,3.42,0.606,0.383,7.355,15.679,3.84,0.833,0.237,0.48,1.589,0.156,0.158,0.116,2.698,2.531,6.839,2.113,0.45,4.075,18.701
"38",167,2.031,0.557,22.569,0.521,3.472,0.541,0.443,6.872,15.757,3.983,0.856,0.268,0.374,1.333,0.14,0.167,0.148,3.982,2.185,6.972,2.53,0.525,3.191,19.956
"39",168,2.484,0.515,23.057,0.552,4.068,0.603,0.435,6.632,16.564,5.014,0.819,0.233,0.496,1.366,0.165,0.156,0.129,3.39,2.295,6.76,2.054,0.458,3.679,17.619
"40",246,1.192,0.543,21.02,0.871,2.502,0.959,0.453,9.077,9.901,4.152,0.762,0.29,0.294,0.683,0.172,0.188,0.187,5.099,0.827,9.539,3.757,0.792,3.747,21.932
"41",194,1.244,0.434,21.394,0.581,2.552,0.722,0.268,8.192,13.608,4.262,0.881,0.289,0.339,0.656,0.114,0.146,0.136,4.426,1.948,8.21,2.788,0.647,3.606,21.288
"42",207,1.815,0.471,22.526,0.778,3.18,0.749,0.355,7.857,14.569,4.682,0.984,0.24,0.416,1.054,0.132,0.199,0.146,3.971,2.057,8.001,2.694,0.552,3.576,18.391
"43",208,1.146,0.332,21.523,0.796,2.684,0.691,0.18,8.259,14.404,3.683,0.793,0.286,0.309,0.778,0.109,0.211,0.156,5.3,1.698,8.319,3.664,0.522,3.295,20.115
"44",213,1.257,0.52,20.252,0.627,2.862,0.912,0.395,8.18,13.147,3.474,0.949,0.368,0.446,0.92,0.152,0.27,0.238,5.981,1.626,8.522,3.564,0.645,2.983,21.182
"45",221,2.072,0.508,21.069,0.65,3.435,0.805,0.366,7.544,14.816,4.891,1.019,0.225,0.392,1.278,0.204,0.208,0.121,3.578,2.332,8.141,2.731,0.47,3.517,18.716
"46",222,2.004,0.434,20.443,0.625,5.078,0.617,0.507,7.843,12.989,4.768,1.277,0.226,0.567,0.843,0.212,0.201,0.14,3.022,1.866,10.962,2.468,0.389,3.517,18.338
"47",24,1.941,0.446,23.517,0.557,3.71,0.511,0.293,6.957,16.243,3.898,0.833,0.233,0.564,0.896,0.245,0.161,0.231,3.185,2.342,8.063,2.115,0.475,2.974,19.073
"48",187,1.61,0.525,23.434,0.563,3.346,0.652,0.322,7.196,15.029,3.865,0.908,0.168,0.693,1.05,0.16,0.173,0.136,3.769,1.789,6.996,3.284,0.644,3.046,20.416
"49",192,1.303,0.478,20.562,0.651,3.014,0.966,0.585,8.901,11.896,3.142,0.907,0.358,0.616,1.726,0.129,0.208,0.205,6.951,0.983,7.167,3.993,0.829,2.583,20.909
"50",212,2.446,0.56,21.983,0.481,4.327,0.606,0.407,7.287,14.528,4.19,1.076,0.226,0.542,1.064,0.253,0.214,0.103,3.555,2.248,7.536,2.367,0.496,3.446,19.715
"51",226,1.175,0.463,21.754,0.743,2.367,0.906,0.303,8.646,12.954,4.406,0.961,0.285,0.358,1.221,0.11,0.161,0.17,4.006,1.778,10.088,3.131,0.441,3.646,18.764
"52",230,1.16,0.355,23.197,0.429,2.618,0.65,0.233,8.617,14.929,3.29,0.705,0.389,0.335,1.164,0.104,0.205,0.166,3.665,1.774,8.748,3.15,0.636,2.888,20.477
"53",266,1.499,0.533,16.966,1.61,2.525,1.235,0.438,9.05,8.771,7.827,0.856,0.22,0.207,0.622,0.093,0.251,0.179,4.755,0.928,14.381,2.69,0.561,5.277,16.457
"54",248,2.005,0.431,21.033,0.608,6.303,0.811,0.581,8.284,8.641,5.39,1.098,0.284,0.269,0.295,0.162,0.324,0.133,4.142,0.974,11.865,2.755,0.549,3.747,18.683
"55",249,1.274,0.384,20.22,0.609,3.059,0.811,0.31,9.382,9.695,4.135,1.066,0.333,0.585,0.39,0.135,0.271,0.321,4.787,1.23,10.827,3.411,0.493,3.573,21.99
"56",268,1.251,0.433,22.159,0.966,2.835,0.746,0.341,9.336,12.811,4.679,0.787,0.313,0.309,0.358,0.072,0.136,0.158,4.647,1.107,8.573,4.112,0.627,2.861,19.725
"57",276,1.975,0.684,20.352,1.563,4.508,1.533,0.667,8.505,9.099,8.214,0.801,0.2,0.177,0.708,0.243,0.25,0.125,3.649,0.778,12.453,1.985,0.552,6.249,12.377
"58",269,1.258,0.441,16.757,1.684,2.76,1.19,0.351,9.024,9.447,7.29,0.751,0.288,0.226,0.486,0.058,0.168,0.206,5.057,1.056,12.023,3.199,0.628,5.404,18.281
"59",267,0.748,0.346,19.838,0.873,2.15,0.944,0.334,9.664,11.505,4.391,0.86,0.398,0.256,0.592,0.055,0.19,0.2,5.671,1.061,9.876,4.098,0.737,3.733,20.241
"60",255,2.795,0.537,20.594,0.853,5.914,0.86,0.799,8.309,9.801,5.782,1.402,0.294,0.702,0.485,0.269,0.256,0.211,2.933,1.092,11.271,2.935,0.415,4.575,15.906
"61",253,1.281,0.551,18.124,1.762,2.84,1.378,0.641,9.109,8.8,6.882,0.731,0.272,0.158,0.521,0.073,0.268,0.269,5.622,0.689,11.797,3.828,0.67,5.842,15.832
"62",250,1.97,0.452,20.24,0.863,4.132,0.93,0.473,8.885,9.238,5.412,1.032,0.3,0.326,0.502,0.104,0.249,0.173,3.933,1.09,11.865,3.383,0.588,4.764,17.991
"63",26,3.598,0.591,24.346,0.654,4.576,0.606,0.447,5.603,18.162,4.434,0.998,0.151,0.707,1.449,0.322,0.152,0.08,2.016,2.929,6.488,1.6,0.44,3.041,16.102
"64",27,2.588,0.431,22.93,0.566,3.993,0.528,0.37,6.476,17.001,3.718,0.963,0.232,0.784,1.224,0.26,0.161,0.13,2.701,3.258,6.435,2.406,0.388,3.347,18.638
"65",45,3.841,0.655,24.809,0.622,4.948,0.547,0.504,5.36,18.163,4.328,0.976,0.152,0.613,1.671,0.369,0.223,0.085,2.049,3.078,6.8,1.714,0.486,2.944,14.386
"66",47,2.789,0.508,23.909,0.505,3.991,0.534,0.357,6.251,16.624,3.898,0.745,0.145,0.553,1.15,0.207,0.167,0.13,2.244,1.956,7.637,2.124,0.438,4.129,18.261
"67",53,3.759,0.519,24.595,0.655,4.997,0.598,0.38,6.291,20.288,3.823,0.937,0.239,0.641,1.39,0.247,0.185,0.108,2.715,2.693,5.789,2.291,0.435,2.723,13.442
"68",74,3.274,0.534,23.273,0.685,4.764,0.509,0.475,5.27,18.189,4.231,0.89,0.14,0.762,1.534,0.37,0.16,0.044,1.837,3.143,6.602,1.743,0.34,3.537,16.993
"69",76,2.496,0.501,23.799,0.53,3.518,0.542,0.352,6.052,15.629,3.767,0.873,0.202,0.507,1.457,0.185,0.129,0.086,3.119,2.4,6.979,2.837,0.498,3.619,19.049
"70",252,1.449,0.426,18.948,1.03,3.664,0.971,0.386,9.38,8.937,5.305,1.023,0.314,0.274,0.569,0.079,0.256,0.171,4.553,0.8,12.352,3.022,0.39,5.24,19.211
"71",49,3.448,0.608,24.275,0.663,4.43,0.557,0.442,6.4,17.535,3.897,0.983,0.174,0.628,1.359,0.257,0.152,0.054,2.107,2.765,6.466,1.926,0.456,3.563,16.414
"72",50,1.426,0.398,23.272,0.472,2.856,0.556,0.249,7.2,14.27,3.493,0.918,0.217,0.303,1.164,0.079,0.13,0.069,4.272,1.958,7.56,2.878,0.458,3.705,21.526
"73",57,2.537,0.685,26.554,0.899,4.23,0.665,0.451,7.43,18.571,4.095,0.842,0.225,0.301,1.222,0.131,0.202,0.148,3.116,1.575,5.337,3.29,0.463,2.511,13.977
"74",75,3.348,0.582,25.07,0.695,5.178,0.517,0.489,5.602,19.806,4.829,0.855,0.181,0.83,1.567,0.334,0.127,0.078,1.701,3.071,5.578,1.708,0.235,3.351,13.786
"75",80,3.519,0.533,24.646,0.619,4.965,0.524,0.416,5.566,18.698,4.049,0.948,0.208,0.753,1.657,0.346,0.136,0.054,2.174,3.303,6.295,1.845,0.248,2.997,14.951
"76",251,1.251,0.529,21.171,1.021,2.64,1.069,0.378,8.75,10.32,5.365,0.736,0.23,0.219,0.666,0.069,0.201,0.154,4.511,0.815,9.908,3.845,0.791,4.569,19.922
"77",271,1.69,0.599,20.342,1.113,3.835,1.26,0.505,8.477,10.305,6.392,0.946,0.238,0.224,0.779,0.129,0.22,0.175,3.937,0.896,11.839,2.575,0.647,4.964,16.877
"78",271,1.69,0.599,20.342,1.113,3.835,1.26,0.505,8.477,10.305,6.392,0.946,0.238,0.224,0.779,0.129,0.22,0.175,3.937,0.896,11.839,2.575,0.647,4.964,16.877
"79",272,1.191,0.38,18.937,0.933,2.532,1.164,0.454,10.166,8.953,5.124,0.749,0.279,0.193,0.549,0.08,0.178,0.177,5.643,0.667,11.529,3.086,0.497,5.03,20.118
"80",54,2.328,0.416,23.804,0.523,3.818,0.412,0.276,6.237,16.959,3.946,0.958,0.189,0.647,1.266,0.205,0.118,0.08,2.781,2.824,6.656,2.425,0.293,3.352,18.813
"81",55,1.621,0.429,22.723,0.431,3.2,0.531,0.254,6.744,15.216,3.46,0.75,0.217,0.405,0.54,0.082,0.134,0.096,4.222,2.026,6.29,3.077,0.464,3.301,22.856
"82",81,3.157,0.607,24.866,0.497,4.155,0.542,0.447,5.777,14.766,3.987,1.072,0.211,0.596,1.005,0.23,0.167,0.098,2.436,2.58,6.984,1.813,0.606,3.759,19.074
"83",254,1.659,0.5,18.774,1.268,4.06,0.986,0.488,8.059,8.855,6.339,1.017,0.241,0.358,0.577,0.115,0.229,0.133,4.369,0.85,13.083,3.086,0.545,5.253,17.471
"84",273,1.717,0.543,18.409,1.583,3.836,1.24,0.484,8.303,9.168,7.316,0.819,0.231,0.201,0.423,0.084,0.239,0.18,5.279,0.655,12.875,2.509,0.505,5.861,15.452
"85",274,1.362,0.331,20.535,0.646,2.959,0.698,0.449,9.758,10.824,4.229,0.802,0.389,0.293,1.152,0.125,0.184,0.196,4.513,0.992,9.649,3.536,0.556,3.702,21.382
"86",275,0.992,0.434,21.519,0.687,2.562,1.082,0.377,9.204,10.671,4.786,0.724,0.202,0.224,0.675,0.093,0.184,0.153,4.194,0.804,10.012,3.812,0.412,4.112,21.911
"87",248,2.005,0.431,21.033,0.608,6.303,0.811,0.581,8.284,8.641,5.39,1.098,0.284,0.269,0.295,0.162,0.324,0.133,4.142,0.974,11.865,2.755,0.549,3.747,18.683
"88",249,1.274,0.384,20.22,0.609,3.059,0.811,0.31,9.382,9.695,4.135,1.066,0.333,0.585,0.39,0.135,0.271,0.321,4.787,1.23,10.827,3.411,0.493,3.573,21.99
"89",268,1.251,0.433,22.159,0.966,2.835,0.746,0.341,9.336,12.811,4.679,0.787,0.313,0.309,0.358,0.072,0.136,0.158,4.647,1.107,8.573,4.112,0.627,2.861,19.725
"90",98,2.813,0.45,23.98,0.571,4.702,0.58,0.393,6.305,16.72,4.096,0.928,0.208,0.592,1.464,0.254,0.147,0.071,2.571,2.62,6.707,2.103,0.494,3.172,17.863
"91",52,2.875,0.505,22.802,0.642,5.059,0.509,0.41,5.898,18.431,4.684,0.91,0.188,0.756,1.562,0.258,0.147,0.081,2.036,2.679,7.061,1.721,0.354,3.677,16.132
"92",51,2.646,0.538,24.248,0.609,4.354,0.551,0.454,5.941,16.791,4.507,0.858,0.204,0.587,1.228,0.233,0.135,0.086,2.397,2.389,6.388,2.426,0.548,3.31,18.115
"93",48,2.233,0.585,23.299,0.601,3.934,0.571,0.387,6.299,16.83,3.805,0.886,0.245,0.448,1.425,0.194,0.18,0.106,3.035,2.275,7.574,2.557,0.38,3.724,18.114
"94",250,1.97,0.452,20.24,0.863,4.132,0.93,0.473,8.885,9.238,5.412,1.032,0.3,0.326,0.502,0.104,0.249,0.173,3.933,1.09,11.865,3.383,0.588,4.764,17.991
